{
    "instances": 219,
    "train": true,
    "version": 1,
    "accuracy": 0.6032488970497065,
    "loss": 0.9543563553278831,
    "duration": 0.26758261793824634,
    "duration_acg": 1.5541843083351168e-05
}{
    "instances": 24,
    "train": false,
    "version": 1,
    "accuracy": 0.7500000062088171,
    "loss": 0.6683148716886839,
    "duration": 0.014307796955108643,
    "duration_acg": 8.106231689453125e-06
}{
    "instances": 212,
    "train": true,
    "version": 2,
    "accuracy": 0.5528227096224355,
    "loss": 1.7118923664352481,
    "duration": 0.2477172961774862,
    "duration_acg": 9.294950737143463e-06
}{
    "instances": 27,
    "train": false,
    "version": 2,
    "accuracy": 0.5555555610745042,
    "loss": 0.6884818297845345,
    "duration": 0.014071402726350005,
    "duration_acg": 8.821487426757812e-06
}{
    "instances": 195,
    "train": true,
    "version": 3,
    "accuracy": 0.5637667938048004,
    "loss": 1.0861172507245902,
    "duration": 0.28223255353096205,
    "duration_acg": 1.0640804584209736e-05
}{
    "instances": 22,
    "train": false,
    "version": 3,
    "accuracy": 0.7272727326913313,
    "loss": 0.6913163851607929,
    "duration": 0.01602768898010254,
    "duration_acg": 1.0013580322265623e-05
}{
    "instances": 162,
    "train": true,
    "version": 4,
    "accuracy": 0.5076940098754418,
    "loss": 0.9541360473807867,
    "duration": 0.20490594410601956,
    "duration_acg": 1.3064455102991172e-05
}{
    "instances": 27,
    "train": false,
    "version": 4,
    "accuracy": 0.5925926014229104,
    "loss": 0.6890796511261551,
    "duration": 0.017552525908858686,
    "duration_acg": 1.0013580322265622e-05
}{
    "instances": 175,
    "train": true,
    "version": 5,
    "accuracy": 0.6853945662294116,
    "loss": 0.6991838763441358,
    "duration": 0.24117843355451313,
    "duration_acg": 1.0005405970982143e-05
}{
    "instances": 24,
    "train": false,
    "version": 5,
    "accuracy": 0.4583333432674408,
    "loss": 0.6931935821970303,
    "duration": 0.017255246639251706,
    "duration_acg": 9.059906005859375e-06
}{
    "instances": 188,
    "train": true,
    "version": 6,
    "accuracy": 0.6604968771496987,
    "loss": 0.8943906654934034,
    "duration": 0.24691968141718115,
    "duration_acg": 9.663561557201629e-06
}{
    "instances": 25,
    "train": false,
    "version": 6,
    "accuracy": 0.5600000059604645,
    "loss": 0.6921457672119141,
    "duration": 0.017730140686035154,
    "duration_acg": 1.3828277587890625e-05
}{
    "instances": 179,
    "train": true,
    "version": 7,
    "accuracy": 0.6782278050035515,
    "loss": 0.9303661341522258,
    "duration": 0.237790375448472,
    "duration_acg": 1.1225652428312674e-05
}{
    "instances": 25,
    "train": false,
    "version": 7,
    "accuracy": 0.48000000596046455,
    "loss": 0.6928940129280091,
    "duration": 0.016637001037597656,
    "duration_acg": 9.775161743164064e-06
}{
    "instances": 161,
    "train": true,
    "version": 8,
    "accuracy": 0.7001183167501018,
    "loss": 0.6100377243462425,
    "duration": 0.2081467350077185,
    "duration_acg": 9.887707159385918e-06
}{
    "instances": 25,
    "train": false,
    "version": 8,
    "accuracy": 0.5600000071525574,
    "loss": 0.6886800742149354,
    "duration": 0.018485851287841797,
    "duration_acg": 9.059906005859373e-06
}{
    "instances": 202,
    "train": true,
    "version": 9,
    "accuracy": 0.6345120239080769,
    "loss": 0.7474285410470936,
    "duration": 0.24700447592404812,
    "duration_acg": 1.0298030211193727e-05
}{
    "instances": 26,
    "train": false,
    "version": 9,
    "accuracy": 0.538461548777727,
    "loss": 0.6927419900894165,
    "duration": 0.017497988847585827,
    "duration_acg": 8.821487426757812e-06
}{
    "instances": 163,
    "train": true,
    "version": 10,
    "accuracy": 0.5699191852215609,
    "loss": 0.9060016615289608,
    "duration": 0.21442987143627704,
    "duration_acg": 1.0703970318191622e-05
}{
    "instances": 25,
    "train": false,
    "version": 10,
    "accuracy": 0.7200000095367433,
    "loss": 0.6912021541595459,
    "duration": 0.017530488967895507,
    "duration_acg": 1.0967254638671873e-05
}