{"instances": 219, "train": true, "version": 0, "accuracy": 0.6252500617159374, "loss": 0.6236391047772751, "duration": 2.337511950976228, "duration_acg": 2.129981506905055e-05}{"instances": 219, "train": true, "version": 0, "accuracy": 0.6252500617159374, "loss": 0.6236391047772751, "duration": 0.1846425097826953, "duration_acg": 2.197479004184949e-05}{"instances": 26, "train": false, "version": 0, "accuracy": 0.5384615453389975, "loss": 0.6922362469709837, "duration": 0.020988060877873346, "duration_acg": 1.5258789062500003e-05}{"instances": 206, "train": true, "version": 1, "accuracy": 0.5853791113906693, "loss": 0.649504639184205, "duration": 0.21094740825949362, "duration_acg": 1.5496050269858353e-05}{"instances": 26, "train": false, "version": 1, "accuracy": 0.6153846234083177, "loss": 0.6887313035818245, "duration": 0.020279719279362604, "duration_acg": 1.4066696166992186e-05}{"instances": 212, "train": true, "version": 2, "accuracy": 0.65012354939684, "loss": 0.6578552656859722, "duration": 0.23191508819472115, "duration_acg": 1.6149484886313383e-05}{"instances": 23, "train": false, "version": 2, "accuracy": 0.5652173951916072, "loss": 0.6908979415893555, "duration": 0.019747941390327782, "duration_acg": 1.3828277587890622e-05}{"instances": 169, "train": true, "version": 3, "accuracy": 0.520498738456995, "loss": 0.7413013854323054, "duration": 0.18315722392155573, "duration_acg": 1.4894812770143768e-05}{"instances": 25, "train": false, "version": 3, "accuracy": 0.5600000071525575, "loss": 0.6915926265716553, "duration": 0.0186643123626709, "duration_acg": 1.502037048339844e-05}{"instances": 185, "train": true, "version": 4, "accuracy": 0.631814680389456, "loss": 0.6569780677556992, "duration": 0.2084688031995619, "duration_acg": 1.947944228713577e-05}{"instances": 22, "train": false, "version": 4, "accuracy": 0.5000000040639531, "loss": 0.6918583810329437, "duration": 0.0171413855119185, "duration_acg": 3.314018249511719e-05}{"instances": 186, "train": true, "version": 5, "accuracy": 0.6222584957130066, "loss": 0.6344855583162718, "duration": 0.21615863230920607, "duration_acg": 1.5451062110162552e-05}{"instances": 27, "train": false, "version": 5, "accuracy": 0.5185185273488363, "loss": 0.6931875502621685, "duration": 0.02148518738923249, "duration_acg": 1.621246337890625e-05}{"instances": 219, "train": true, "version": 0, "accuracy": 0.636774300576345, "loss": 0.8155983670485663, "duration": 0.1971224813156476, "duration_acg": 2.0838219281200947e-05}{"instances": 26, "train": false, "version": 0, "accuracy": 0.5384615453389975, "loss": 0.6923148036003115, "duration": 0.01640418859628531, "duration_acg": 1.5974044799804688e-05}{"instances": 206, "train": true, "version": 1, "accuracy": 0.5619837496562298, "loss": 0.963431718091546, "duration": 0.1774649654777305, "duration_acg": 1.767306651883912e-05}{"instances": 26, "train": false, "version": 1, "accuracy": 0.6153846234083177, "loss": 0.6825845814668217, "duration": 0.015846243271460902, "duration_acg": 1.71661376953125e-05}{"instances": 212, "train": true, "version": 2, "accuracy": 0.5893980293833423, "loss": 1.3720335854955439, "duration": 0.19083302200965163, "duration_acg": 1.548596148220998e-05}{"instances": 23, "train": false, "version": 2, "accuracy": 0.5652173951916072, "loss": 0.6909451536510303, "duration": 0.01484792128853176, "duration_acg": 1.5258789062499998e-05}{"instances": 169, "train": true, "version": 3, "accuracy": 0.5252606412157034, "loss": 1.2043833893079023, "duration": 0.1544534962558182, "duration_acg": 1.5666498940371903e-05}{"instances": 25, "train": false, "version": 3, "accuracy": 0.5200000071525573, "loss": 0.6927268719673156, "duration": 0.013724107742309569, "duration_acg": 1.502037048339844e-05}{"instances": 185, "train": true, "version": 4, "accuracy": 0.6072200799713263, "loss": 0.9149879305648643, "duration": 0.16446813892673803, "duration_acg": 1.8497415491052577e-05}{"instances": 22, "train": false, "version": 4, "accuracy": 0.5000000040639531, "loss": 0.6922921673818069, "duration": 0.014360070228576662, "duration_acg": 1.5020370483398438e-05}{"instances": 186, "train": true, "version": 5, "accuracy": 0.6067993739172549, "loss": 0.8114131066687805, "duration": 0.16410955946932557, "duration_acg": 1.5362616508237778e-05}{"instances": 27, "train": false, "version": 5, "accuracy": 0.5925926003191206, "loss": 0.6921661871450919, "duration": 0.014734109242757162, "duration_acg": 1.5974044799804688e-05}{"instances": 165, "train": true, "version": 6, "accuracy": 0.6972871608505345, "loss": 0.6698962238701907, "duration": 0.1686939918633663, "duration_acg": 1.7423340768525095e-05}{"instances": 25, "train": false, "version": 6, "accuracy": 0.4800000035762787, "loss": 0.6929581189155578, "duration": 0.01683404922485351, "duration_acg": 2.3126602172851562e-05}{"instances": 168, "train": true, "version": 7, "accuracy": 0.5842261917164757, "loss": 1.1255984819671583, "duration": 0.18149831749144055, "duration_acg": 1.6756000972929457e-05}{"instances": 25, "train": false, "version": 7, "accuracy": 0.6800000071525574, "loss": 0.6810640931129456, "duration": 0.018342733383178707, "duration_acg": 1.6927719116210938e-05}{"instances": 187, "train": true, "version": 8, "accuracy": 0.6126432439939861, "loss": 1.0588510851649677, "duration": 0.1897804622344155, "duration_acg": 1.7885218329608118e-05}