{"instances": 5960, "train": true, "version": 0, "accuracy": 0.07822222360720238, "loss": 2.3158500305811565, "duration": 0.11505987644195559, "duration_acg": 1.9717216491699216e-05}{"instances": 5960, "train": true, "version": 0, "accuracy": 0.07822222360720238, "loss": 2.3158500305811565, "duration": 0.11106543540954592, "duration_acg": 2.1195411682128908e-05}{"instances": 59600, "train": false, "version": 0, "accuracy": 0.1082666687592864, "loss": 2.2824699454307567, "duration": 0.0968721866607666, "duration_acg": 1.5974044799804718e-05}{"instances": 5960, "train": true, "version": 1, "accuracy": 0.15083333651224773, "loss": 2.2515957268079125, "duration": 0.12043528556823731, "duration_acg": 1.6188621520996095e-05}