{
    "instances": 5960,
    "train": true,
    "version": 0,
    "accuracy": 0.07822222360720238,
    "loss": 2.3158500305811565,
    "duration": 0.11505987644195559,
    "duration_acg": 1.9717216491699216e-05
}{
    "instances": 5960,
    "train": true,
    "version": 0,
    "accuracy": 0.07822222360720238,
    "loss": 2.3158500305811565,
    "duration": 0.11106543540954592,
    "duration_acg": 2.1195411682128908e-05
}{
    "instances": 59600,
    "train": false,
    "version": 0,
    "accuracy": 0.1082666687592864,
    "loss": 2.2824699454307567,
    "duration": 0.0968721866607666,
    "duration_acg": 1.5974044799804718e-05
}{
    "instances": 5960,
    "train": true,
    "version": 1,
    "accuracy": 0.15083333651224773,
    "loss": 2.2515957268079125,
    "duration": 0.12043528556823731,
    "duration_acg": 1.6188621520996095e-05
}{
    "instances": 5960,
    "train": true,
    "version": 1,
    "accuracy": 0.0765000014503797,
    "loss": 2.3161708919207253,
    "duration": 0.08936288356781007,
    "duration_acg": 1.5306472778320313e-05
}{
    "instances": 59600,
    "train": false,
    "version": 1,
    "accuracy": 0.10705000206579765,
    "loss": 2.2824151636362076,
    "duration": 0.067851357460022,
    "duration_acg": 8.82148742675781e-06
}{
    "instances": 5960,
    "train": true,
    "version": 2,
    "accuracy": 0.15255555878082913,
    "loss": 2.2514078700542455,
    "duration": 0.08036534786224366,
    "duration_acg": 8.726119995117186e-06
}{
    "instances": 59600,
    "train": false,
    "version": 2,
    "accuracy": 0.1978611145156126,
    "loss": 2.2198613775968545,
    "duration": 0.07004529237747192,
    "duration_acg": 9.059906005859378e-06
}{
    "instances": 5960,
    "train": true,
    "version": 3,
    "accuracy": 0.2668333387250702,
    "loss": 2.18555268406868,
    "duration": 0.07370951175689698,
    "duration_acg": 8.678436279296875e-06
}{
    "instances": 59600,
    "train": false,
    "version": 3,
    "accuracy": 0.3236111152507365,
    "loss": 2.159265441060067,
    "duration": 0.06911467313766478,
    "duration_acg": 7.867813110351542e-06
}{
    "instances": 5960,
    "train": true,
    "version": 4,
    "accuracy": 0.37427778434008363,
    "loss": 2.133948115110398,
    "duration": 0.08150296211242675,
    "duration_acg": 9.77516174316406e-06
}{
    "instances": 59600,
    "train": false,
    "version": 4,
    "accuracy": 0.4440777810712656,
    "loss": 2.103100244204204,
    "duration": 0.06212165832519528,
    "duration_acg": 9.059906005859378e-06
}{
    "instances": 5960,
    "train": true,
    "version": 5,
    "accuracy": 0.47855556254585585,
    "loss": 2.078975284695626,
    "duration": 0.07600979804992676,
    "duration_acg": 9.72747802734375e-06
}{
    "instances": 5960,
    "train": true,
    "version": 1,
    "accuracy": 0.0765000014503797,
    "loss": 2.3161708919207253,
    "duration": 0.07866415977478028,
    "duration_acg": 1.4734268188476562e-05
}{
    "instances": 59600,
    "train": false,
    "version": 1,
    "accuracy": 0.10705000206579765,
    "loss": 2.2824151636362076,
    "duration": 0.06313293457031248,
    "duration_acg": 8.82148742675781e-06
}{
    "instances": 5960,
    "train": true,
    "version": 2,
    "accuracy": 0.15255555878082913,
    "loss": 2.2514078700542455,
    "duration": 0.07718803882598878,
    "duration_acg": 9.98973846435547e-06
}{
    "instances": 59600,
    "train": false,
    "version": 2,
    "accuracy": 0.1978611145156126,
    "loss": 2.2198613775968545,
    "duration": 0.06329499483108522,
    "duration_acg": 1.0013580322265649e-05
}{
    "instances": 5960,
    "train": true,
    "version": 3,
    "accuracy": 0.2668333387250702,
    "loss": 2.18555268406868,
    "duration": 0.07691452503204346,
    "duration_acg": 1.02996826171875e-05
}{
    "instances": 59600,
    "train": false,
    "version": 3,
    "accuracy": 0.3236111152507365,
    "loss": 2.159265441060067,
    "duration": 0.06326103448867798,
    "duration_acg": 1.0967254638671892e-05
}{
    "instances": 5960,
    "train": true,
    "version": 4,
    "accuracy": 0.37427778434008363,
    "loss": 2.133948115110398,
    "duration": 0.07747220993041994,
    "duration_acg": 1.156330108642578e-05
}{
    "instances": 59600,
    "train": false,
    "version": 4,
    "accuracy": 0.4440777810712656,
    "loss": 2.103100244204204,
    "duration": 0.06667825222015382,
    "duration_acg": 9.059906005859378e-06
}{
    "instances": 5960,
    "train": true,
    "version": 5,
    "accuracy": 0.47855556254585585,
    "loss": 2.078975284695626,
    "duration": 0.07915489673614504,
    "duration_acg": 9.512901306152343e-06
}{
    "instances": 59600,
    "train": false,
    "version": 5,
    "accuracy": 0.533172224825869,
    "loss": 2.050256532212099,
    "duration": 0.06863538265228274,
    "duration_acg": 7.867813110351542e-06
}{
    "instances": 5960,
    "train": true,
    "version": 6,
    "accuracy": 0.5688888946672281,
    "loss": 2.0180721014738086,
    "duration": 0.08661994934082033,
    "duration_acg": 9.703636169433594e-06
}{"instances": 59600, "train": false, "version": 6, "accuracy": 0.5919111122960844, "loss": 1.9984018023808803, "duration": 0.06792426347732544, "duration_acg": 1.0013580322265649e-05}{"instances": 5960, "train": true, "version": 7, "accuracy": 0.6257777817547321, "loss": 1.9666084706783296, "duration": 0.07909653186798096, "duration_acg": 9.822845458984376e-06}{"instances": 59600, "train": false, "version": 7, "accuracy": 0.6287444448160627, "loss": 1.9488731629451113, "duration": 0.06356889009475707, "duration_acg": 9.775161743164047e-06}{"instances": 5960, "train": true, "version": 8, "accuracy": 0.6306111152718465, "loss": 1.9329706553618113, "duration": 0.07785484790802, "duration_acg": 1.0204315185546876e-05}{"instances": 59600, "train": false, "version": 8, "accuracy": 0.6555944442699353, "loss": 1.9029019981821378, "duration": 0.06500171422958376, "duration_acg": 8.82148742675781e-06}{"instances": 5960, "train": true, "version": 9, "accuracy": 0.6603333364923796, "loss": 1.8825359209378558, "duration": 0.07955393791198731, "duration_acg": 1.0061264038085938e-05}{"instances": 59600, "train": false, "version": 9, "accuracy": 0.6761499990224836, "loss": 1.8584439488450692, "duration": 0.0716847038269043, "duration_acg": 1.0013580322265649e-05}{"instances": 5960, "train": true, "version": 10, "accuracy": 0.6806666694333157, "loss": 1.8363346646229428, "duration": 0.09945769309997557, "duration_acg": 1.3327598571777343e-05}