{"instances": 5960, "train": true, "version": 1, "accuracy": 0.39894444936265555, "loss": 2.0647653839985534, "duration": 0.08265304565429689, "duration_acg": 2.0122528076171876e-05}{"instances": 5960, "train": true, "version": 1, "accuracy": 0.39894444936265555, "loss": 2.0647653839985534, "duration": 0.08147792816162108, "duration_acg": 1.4805793762207033e-05}{"instances": 5960, "train": true, "version": 1, "accuracy": 0.39894444936265555, "loss": 2.0647653839985534, "duration": 0.07798635959625243, "duration_acg": 1.628398895263672e-05}{"instances": 5960, "train": true, "version": 1, "accuracy": 0.39894444936265555, "loss": 2.0647653839985534, "duration": 0.08533565998077394, "duration_acg": 1.6713142395019533e-05}{"instances": 6556, "train": false, "version": 1, "accuracy": 0.6905050508000634, "loss": 1.8076888653365049, "duration": 0.06424821506847034, "duration_acg": 8.366324684836647e-06}{"instances": 6556, "train": true, "version": 2, "accuracy": 0.7451010089141853, "loss": 1.4336974522381118, "duration": 0.06808103214610707, "duration_acg": 1.1118975552645598e-05}{"instances": 6556, "train": false, "version": 2, "accuracy": 0.7474242413247174, "loss": 1.4151317758993667, "duration": 0.07289121367714622, "duration_acg": 1.0880556973544035e-05}{"instances": 6556, "train": false, "version": 3, "accuracy": 0.7822222196468802, "loss": 1.2574263685580456, "duration": 0.06392931938171387, "duration_acg": 1.0988929054953836e-05}{"instances": 6556, "train": true, "version": 3, "accuracy": 0.7929797954857348, "loss": 1.1305237771435217, "duration": 0.07476321133700284, "duration_acg": 1.1053952303799715e-05}{"instances": 6556, "train": false, "version": 3, "accuracy": 0.7817171690929117, "loss": 1.1298314771868967, "duration": 0.06718860973011365, "duration_acg": 1.0793859308416192e-05}{"instances": 6556, "train": true, "version": 4, "accuracy": 0.8163636324983655, "loss": 1.0032649410041896, "duration": 0.0726416977969083, "duration_acg": 9.211626919833098e-06}{"instances": 6556, "train": false, "version": 4, "accuracy": 0.7913636329273381, "loss": 1.0214366675326318, "duration": 0.0706975676796653, "duration_acg": 9.254975752397018e-06}{"instances": 6556, "train": true, "version": 5, "accuracy": 0.8204545429935959, "loss": 0.9094585252982199, "duration": 0.07409433885054156, "duration_acg": 1.0425394231622867e-05}{"instances": 6556, "train": false, "version": 5, "accuracy": 0.8151515114600913, "loss": 0.9152208472517406, "duration": 0.08305259184403853, "duration_acg": 1.0186975652521305e-05}{"instances": 6556, "train": true, "version": 6, "accuracy": 0.8195454504227999, "loss": 0.8848278030301585, "duration": 0.06699083068154076, "duration_acg": 2.202120694247159e-05}{"instances": 6556, "train": false, "version": 6, "accuracy": 0.8286868647192465, "loss": 0.8416473811097218, "duration": 0.07329398935491388, "duration_acg": 1.3004649769176137e-05}{"instances": 6556, "train": false, "version": 6, "accuracy": 0.821717168481061, "loss": 0.852176822405873, "duration": 0.06766187060963025, "duration_acg": 1.0967254638671872e-05}{"instances": 6556, "train": true, "version": 8, "accuracy": 0.8237373696583691, "loss": 0.8364487955064485, "duration": 0.07764066349376332, "duration_acg": 1.0186975652521307e-05}{"instances": 6556, "train": false, "version": 8, "accuracy": 0.8390909058126536, "loss": 0.8119756556595816, "duration": 0.06581399657509544, "duration_acg": 1.1985952203924002e-05}{"instances": 6556, "train": true, "version": 9, "accuracy": 0.8248989848928019, "loss": 0.7973469166818893, "duration": 0.06925236095081677, "duration_acg": 1.215934753417969e-05}{"instances": 6556, "train": false, "version": 9, "accuracy": 0.8494949456078538, "loss": 0.7626495601101356, "duration": 0.07218822565945711, "duration_acg": 1.0837208140980113e-05}{"instances": 6556, "train": false, "version": 10, "accuracy": 0.8474242377010259, "loss": 0.748293146197543, "duration": 0.06402015686035156, "duration_acg": 9.840184992009947e-06}{"instances": 6556, "train": true, "version": 10, "accuracy": 0.8447474704095813, "loss": 0.7264305285883672, "duration": 0.07610362226312811, "duration_acg": 2.785162492231889e-05}{"instances": 5960, "train": true, "version": 1, "accuracy": 0.39894444936265555, "loss": 2.0647653839985534, "duration": 0.08140742778778076, "duration_acg": 1.7189979553222658e-05}{"instances": 6556, "train": false, "version": 1, "accuracy": 0.6905050508000634, "loss": 1.8076888653365049, "duration": 0.0646219253540039, "duration_acg": 9.059906005859373e-06}{"instances": 6556, "train": true, "version": 2, "accuracy": 0.7451010089141853, "loss": 1.4336974522381118, "duration": 0.06782861189408736, "duration_acg": 1.0035254738547588e-05}{"instances": 6556, "train": false, "version": 2, "accuracy": 0.7474242413247174, "loss": 1.4151317758993667, "duration": 0.0719845945184881, "duration_acg": 9.688464078036223e-06}{"instances": 6556, "train": false, "version": 3, "accuracy": 0.7822222196468802, "loss": 1.2574263685580456, "duration": 0.06430675766684793, "duration_acg": 9.168278087269178e-06}{"instances": 6556, "train": true, "version": 3, "accuracy": 0.7929797954857348, "loss": 1.1305237771435217, "duration": 0.07941497455943715, "duration_acg": 9.601766412908383e-06}{"instances": 6556, "train": false, "version": 3, "accuracy": 0.7817171690929117, "loss": 1.1298314771868967, "duration": 0.06307547742670233, "duration_acg": 9.016557173295455e-06}{"instances": 6556, "train": true, "version": 4, "accuracy": 0.8163636324983655, "loss": 1.0032649410041896, "duration": 0.06985766237432307, "duration_acg": 1.2484463778409088e-05}{"instances": 6556, "train": false, "version": 4, "accuracy": 0.7913636329273381, "loss": 1.0214366675326318, "duration": 0.068859187039462, "duration_acg": 9.970231489701705e-06}{"instances": 6556, "train": true, "version": 5, "accuracy": 0.8204545429935959, "loss": 0.9094585252982199, "duration": 0.06435407291759143, "duration_acg": 9.211626919833098e-06}{"instances": 6556, "train": false, "version": 5, "accuracy": 0.8151515114600913, "loss": 0.9152208472517406, "duration": 0.07398262890902432, "duration_acg": 1.0967254638671877e-05}{"instances": 6556, "train": true, "version": 6, "accuracy": 0.8195454504227999, "loss": 0.8848278030301585, "duration": 0.06609827821904964, "duration_acg": 9.233301336115058e-06}{"instances": 6556, "train": false, "version": 6, "accuracy": 0.8286868647192465, "loss": 0.8416473811097218, "duration": 0.07782862403176048, "duration_acg": 9.796836159446022e-06}{"instances": 6556, "train": false, "version": 6, "accuracy": 0.821717168481061, "loss": 0.852176822405873, "duration": 0.06235131350430576, "duration_acg": 6.9141387939453125e-06}{"instances": 6556, "train": true, "version": 8, "accuracy": 0.8237373696583691, "loss": 0.8364487955064485, "duration": 0.07650509747591887, "duration_acg": 1.3849952004172584e-05}{"instances": 6556, "train": false, "version": 8, "accuracy": 0.8390909058126536, "loss": 0.8119756556595816, "duration": 0.06577502597462047, "duration_acg": 9.124929254705254e-06}{"instances": 6556, "train": true, "version": 9, "accuracy": 0.8248989848928019, "loss": 0.7973469166818893, "duration": 0.07029951702464711, "duration_acg": 8.713115345348012e-06}{"instances": 6556, "train": false, "version": 9, "accuracy": 0.8494949456078538, "loss": 0.7626495601101356, "duration": 0.07022077387029475, "duration_acg": 1.0728836059570314e-05}{"instances": 6556, "train": false, "version": 10, "accuracy": 0.8474242377010259, "loss": 0.748293146197543, "duration": 0.06317166848616167, "duration_acg": 1.1855905706232248e-05}{"instances": 6556, "train": true, "version": 10, "accuracy": 0.8447474704095813, "loss": 0.7264305285883672, "duration": 0.07404821569269353, "duration_acg": 9.536743164062502e-06}