{"instances": 219, "train": true, "version": 1, "accuracy": 0.6032488970497065, "loss": 0.9543563553278831, "duration": 0.29395625144923654, "duration_acg": 2.8351126196177582e-05}{"instances": 24, "train": false, "version": 1, "accuracy": 0.7500000062088171, "loss": 0.6683148716886839, "duration": 0.02018566926320394, "duration_acg": 9.059906005859373e-06}{"instances": 212, "train": true, "version": 2, "accuracy": 0.5528227096224355, "loss": 1.7118923664352481, "duration": 0.3020939197180406, "duration_acg": 1.2212204483320128e-05}{"instances": 27, "train": false, "version": 2, "accuracy": 0.5555555610745042, "loss": 0.6884818297845345, "duration": 0.020263230359112774, "duration_acg": 2.0980834960937497e-05}{"instances": 195, "train": true, "version": 3, "accuracy": 0.5637667938048004, "loss": 1.0861172507245902, "duration": 0.29032733012468387, "duration_acg": 1.0596788846529448e-05}{"instances": 22, "train": false, "version": 3, "accuracy": 0.7272727326913313, "loss": 0.6913163851607929, "duration": 0.01785065911032937, "duration_acg": 1.0013580322265623e-05}{"instances": 162, "train": true, "version": 4, "accuracy": 0.5076940098754418, "loss": 0.9541360473807867, "duration": 0.22453653223720593, "duration_acg": 1.1890022842972366e-05}{"instances": 27, "train": false, "version": 4, "accuracy": 0.5925926014229104, "loss": 0.6890796511261551, "duration": 0.020704543149029767, "duration_acg": 2.6226043701171875e-05}{"instances": 175, "train": true, "version": 5, "accuracy": 0.6853945662294116, "loss": 0.6991838763441358, "duration": 0.2880434744698661, "duration_acg": 1.1574881417410714e-05}{"instances": 24, "train": false, "version": 5, "accuracy": 0.4583333432674408, "loss": 0.6931935821970303, "duration": 0.01960844794909159, "duration_acg": 1.0967254638671875e-05}{"instances": 188, "train": true, "version": 6, "accuracy": 0.6604968771496987, "loss": 0.8943906654934034, "duration": 0.2952740826505296, "duration_acg": 1.1570910190014129e-05}{"instances": 25, "train": false, "version": 6, "accuracy": 0.5600000059604645, "loss": 0.6921457672119141, "duration": 0.019296836853027344, "duration_acg": 9.059906005859375e-06}{"instances": 179, "train": true, "version": 7, "accuracy": 0.6782278050035515, "loss": 0.9303661341522258, "duration": 0.25829557866357555, "duration_acg": 1.4510234640963252e-05}{"instances": 25, "train": false, "version": 7, "accuracy": 0.48000000596046455, "loss": 0.6928940129280091, "duration": 0.01932087898254394, "duration_acg": 3.0994415283203125e-05}{"instances": 161, "train": true, "version": 8, "accuracy": 0.7001183167501018, "loss": 0.6100377243462425, "duration": 0.23736027160786696, "duration_acg": 1.0768819299543865e-05}{"instances": 25, "train": false, "version": 8, "accuracy": 0.5600000071525574, "loss": 0.6886800742149354, "duration": 0.017891197204589843, "duration_acg": 9.059906005859373e-06}{"instances": 202, "train": true, "version": 9, "accuracy": 0.6345120239080769, "loss": 0.7474285410470936, "duration": 0.2601539994230365, "duration_acg": 1.0172919471665185e-05}{"instances": 26, "train": false, "version": 9, "accuracy": 0.538461548777727, "loss": 0.6927419900894165, "duration": 0.02101106827075665, "duration_acg": 1.311302185058594e-05}{"instances": 163, "train": true, "version": 10, "accuracy": 0.5699191852215609, "loss": 0.9060016615289608, "duration": 0.23598811524045976, "duration_acg": 1.0411432184324672e-05}{"instances": 25, "train": false, "version": 10, "accuracy": 0.7200000095367433, "loss": 0.6912021541595459, "duration": 0.02189172744750976, "duration_acg": 9.059906005859375e-06}